Workbook

Sheet DonBan
A1: ma_db | B1: ngay_ban | C1: ma_sp | D1: sl_ban | E1: ten_sp | F1: gia_ban | G1: tien_ban
A2: DB001 | B2: 2025-10-01 | C2: KE01 | D2: 4 | E2: =VLOOKUP(C2,SanPham!$A$7:$B$7,2,0) -> Ke sach mini | F2: =VLOOKUP(C2,SanPham!$A$7:$C$7,3,0) -> 100000 | G2: =SUM(D2:F2) -> 100004
A3: DB002 | B3: 2025-10-02 | C3: BA01 | D3: 4 | E3: =VLOOKUP(C3,SanPham!$A$2:$B$8,2,0) -> Balo hoc sinh | F3: =VLOOKUP(C3,SanPham!$A$2:$C$8,3,0) -> 250000 | G3: =SUM(D3:F3) -> 250004
A4: DB003 | B4: 2025-10-03 | C4: VO01 | D4: 2 | E4: =VLOOKUP(C4,SanPham!$A$2:$B$8,2,0) -> Loc vo 5 quyen | F4: =VLOOKUP(C4,SanPham!$A$2:$C$8,3,0) -> 60000 | G4: =SUM(D4:F4) -> 60002
A5: DB004 | B5: 2025-10-04 | C5: KE01 | D5: 5 | E5: =VLOOKUP(C5,SanPham!$A$2:$B$8,2,0) -> Ke sach mini | F5: =VLOOKUP(C5,SanPham!$A$2:$C$8,3,0) -> 100000 | G5: =SUM(D5:F5) -> 100005
A6: DB005 | B6: 2025-10-05 | C6: BB01 | D6: 1 | E6: =VLOOKUP(C6,SanPham!$A$2:$B$8,2,0) -> Bo but bi 10 chiec | F6: =VLOOKUP(C6,SanPham!$A$2:$C$8,3,0) -> 35000 | G6: =SUM(D6:F6) -> 35001
A7: DB006 | B7: 2025-10-06 | C7: BB01 | D7: 4 | E7: =VLOOKUP(C7,SanPham!$A$2:$B$8,2,0) -> Bo but bi 10 chiec | F7: =VLOOKUP(C7,SanPham!$A$2:$C$8,3,0) -> 35000 | G7: =SUM(D7:F7) -> 35004
A8: DB007 | B8: 2025-10-07 | C8: BA01 | D8: 5 | E8: =VLOOKUP(C8,SanPham!$A$2:$B$8,2,0) -> Balo hoc sinh | F8: =VLOOKUP(C8,SanPham!$A$2:$C$8,3,0) -> 250000 | G8: =SUM(D8:F8) -> 250005
A9: DB008 | B9: 2025-10-08 | C9: VO01 | D9: 3 | E9: =VLOOKUP(C9,SanPham!$A$2:$B$8,2,0) -> Loc vo 5 quyen | F9: =VLOOKUP(C9,SanPham!$A$2:$C$8,3,0) -> 60000 | G9: =SUM(D9:F9) -> 60003
A10: DB009 | B10: 2025-10-09 | C10: BA01 | D10: 2 | E10: =VLOOKUP(C10,SanPham!$A$2:$B$8,2,0) -> Balo hoc sinh | F10: =VLOOKUP(C10,SanPham!$A$2:$C$8,3,0) -> 250000 | G10: =SUM(D10:F10) -> 250002
A11: DB010 | B11: 2025-10-10 | C11: MT01 | D11: 2 | E11: =VLOOKUP(C11,SanPham!$A$2:$B$8,2,0) -> May tinh bo tui | F11: =VLOOKUP(C11,SanPham!$A$2:$C$8,3,0) -> 150000 | G11: =SUM(D11:F11) -> 150002
A12: DB011 | B12: 2025-10-11 | C12: GI01 | D12: 2 | E12: =VLOOKUP(C12,SanPham!$A$2:$B$8,2,0) -> Giay A4 500 to | F12: =VLOOKUP(C12,SanPham!$A$2:$C$8,3,0) -> 75000 | G12: =SUM(D12:F12) -> 75002
A13: DB012 | B13: 2025-10-12 | C13: VO01 | D13: 3 | E13: =VLOOKUP(C13,SanPham!$A$2:$B$8,2,0) -> Loc vo 5 quyen | F13: =VLOOKUP(C13,SanPham!$A$2:$C$8,3,0) -> 60000 | G13: =SUM(D13:F13) -> 60003
A14: DB013 | B14: 2025-10-13 | C14: BB01 | D14: 5 | E14: =VLOOKUP(C14,SanPham!$A$2:$B$8,2,0) -> Bo but bi 10 chiec | F14: =VLOOKUP(C14,SanPham!$A$2:$C$8,3,0) -> 35000 | G14: =SUM(D14:F14) -> 35005
... A16: DB015 | B16: 2025-10-15 | C16: HO01 | D16: 5 | E16: =VLOOKUP(C16,SanPham!$A$2:$B$8,2,0) -> Hop but da nang | F16: =VLOOKUP(C16,SanPham!$A$2:$C$8,3,0) -> 45000 | G16: =SUM(D16:F16) -> 45005

Sheet SanPham
A1: ma_sp | B1: ten_sp | C1: gia_ban
A2: BB01 | B2: Bo but bi 10 chiec | C2: 35000
A3: VO01 | B3: Loc vo 5 quyen | C3: 60000
A4: GI01 | B4: Giay A4 500 to | C4: 75000
A5: BA01 | B5: Balo hoc sinh | C5: 250000
A6: MT01 | B6: May tinh bo tui | C6: 150000
A7: KE01 | B7: Ke sach mini | C7: 100000
A8: HO01 | B8: Hop but da nang | C8: 45000
